<CMsRemoveZombieBears>

	<csv xpath="/entitygroups/entitygroup[@name='EnemyAnimalsWasteland']/text()" delim="\n" op="remove">
		animalZombieBear, 10
	</csv>

	<csv xpath="/entitygroups/entitygroup[@name='EnemyAnimalsWastelandNight']/text()" delim="\n" op="remove">
		animalZombieBear, 20
	</csv>

	<csv xpath="/entitygroups/entitygroup[@name='ZombiesWastelandNight2']/text()" delim="\n" op="remove">
		animalZombieBear, .1
	</csv>

	<csv xpath="/entitygroups/entitygroup[@name='ZombiesHoard']/text()" delim="\n" op="remove">
		animalZombieBear, .05
	</csv>

	<csv xpath="/entitygroups/entitygroup[@name='ZombieBearsGroup']/text()" delim="\n" op="remove">
		animalZombieBear
	</csv>

	<csv xpath="/entitygroups/entitygroup[@name='ZombieBearsGroup']/text()" delim="\n" op="add">
		zombiePartyGirl
	</csv>

	<csv xpath="/entitygroups/entitygroup[@name='ZombieAnimalsGroup']/text()" delim="\n" op="remove">
		animalZombieBear, .02
	</csv>

	<csv xpath="/entitygroups/entitygroup[@name='ZombieAnimalsGroup']/text()" delim="\n" op="add">
		zombiePartyGirl, .02
	</csv>

</CMsRemoveZombieBears>